<level>
	<platform1 friction="50">
		<point x='96' y='160'/>
		<point x='96' y='1998'/>
		<point x='1328' y='2000'/>
		<point x='1328' y='176'/>
		<point x='92' y='176'/>
	</platform1>
	<platform2 friction="">
	</platform2>
	<endZone friction="">
		<point x='660' y='1100'/>
	</endZone>
	<dynamicMarker friction="">
		<point x='660' y='1712' ink='800'/>
		<point x='660' y='1324' ink='800'/>
		<!--point x='660' y='892' ink='800'/>
		<point x='660' y='484' ink='800'/-->
	</dynamicMarker>
	<coin friction="">
	</coin>
<scale value='4000'/>
</level>